<?xml version="1.0" encoding="UTF-8"?>

<process name="workorder" xmlns="http://jbpm.org/4.4/jpdl">
   <start name="start1" g="332,14,48,48">
      <transition name="开始" to="签收" g="3,-17"/>
   </start>
   <task name="签收" g="308,114,92,52" form="/workflow/workorderSignForAction!input.action?step=1;pId=[piId];taskId=[taskId];id=">
      <assignment-handler class="com.cabletech.business.flowservice.util.UserGrant"> 
      		<field name="grantType"> 
      			<string value="handcraft"/>
       		</field> 
      </assignment-handler> 
      <transition name="untread" to="退单审核" g="-27,14"/>
      <transition name="pass" to="填写回单" g="-10,-19"/>
   </task>
   <task name="退单审核" g="102,206,92,52" form="/workflow/workorderRefuseConfirmAction!input.action?step=2;pId=[piId];taskId=[taskId];id=">
      <assignment-handler class="com.cabletech.business.flowservice.util.UserGrant"> 
      		<field name="grantType"> 
      			<string value="handcraft"/>
       		</field> 
      </assignment-handler> 
      <transition name="pass" to="end1" g="140,512:5,-119"/>
      <transition name="reject" to="签收" g="146,138:5,-12"/>
   </task>
   <task name="填写回单" g="528,206,92,52" form="/workflow/workorderReplyAction!input.action?step=3;pId=[piId];taskId=[taskId];id=">
      <assignment-handler class="com.cabletech.business.flowservice.util.UserGrant"> 
      		<field name="grantType"> 
      			<string value="handcraft"/>
       		</field> 
      </assignment-handler> 
      <transition name="pass" to="验证回单" g="-46,-16"/>
   </task>
   <task name="验证回单" g="524,392,92,52" form="/workflow/workorderReplyCheckAction!input.action?step=4;pId=[piId];taskId=[taskId];id=">
   	  <assignment-handler class="com.cabletech.business.flowservice.util.UserGrant"> 
      		<field name="grantType"> 
      			<string value="handcraft"/>
       		</field> 
      </assignment-handler> 
      <transition name="pass" to="end1" g="568,512:-47,-17"/>
      <transition name="reject" to="填写回单" g="654,413;660,229:-46,-8"/>
   </task>
    <end name="end1" g="330,488,48,48"/>
</process>