<?xml version="1.0" encoding="UTF-8"?>
<process name="contractormonthappraise" xmlns="http://jbpm.org/4.4/jpdl">
   <start g="320,0,48,48" name="start1">
      <transition to="月度考核填报"/>
   </start>
   <task g="264,83,164,52" name="月度考核填报" form="/assess/assessMonthAppraiseAction!input.action?id=[piId];taskId=[taskId];step=1">
     
     <assignment-handler class="com.cabletech.business.flowservice.util.UserGrant">
		<field name="grantType">
			<string value="handcraft" /> 
		</field>
		<field name="founder">
			<string value="founder" /> 
		</field>
      </assignment-handler>
   <transition name="pass" to="exclusive1" g="-46,-15"/>
   </task>
   <decision g="179,183,48,48" name="exclusive1" expr="${regiontype}">
      <transition name="1" to="县公司运维主任审核" g="-40,-5"/>
	  <transition name="2" to="市公司运维主任审核" g="201,546:2,-17"/>
   </decision>
   <task g="299,281,162,52" name="县公司运维主任审核" candidate-groups="县移动运维主任" form="/assess/assessMonthAppraiseApproveAction!input.action?id=[piId];taskId=[taskId];step=2">
      <transition g="514,309;517,116:-45,81" name="reject" to="月度考核填报"/>
      <transition g="4,-6" name="pass" to="县公司分管领导审核"/>
   </task>
   <task g="300,403,155,52" name="县公司分管领导审核" candidate-groups="县移动分管领导" form="/assess/assessMonthAppraiseApproveAction!input.action?id=[piId];taskId=[taskId];step=2">
      <transition g="546,429;552,113:-47,140" name="reject" to="月度考核填报"/>
      <transition g="3,-6" name="pass" to="市公司运维主任审核"/>
   </task>
   <task g="289,519,151,52" name="市公司运维主任审核" candidate-groups="市移动运维主任" form="/assess/assessMonthAppraiseApproveAction!input.action?id=[piId];taskId=[taskId];step=2">
      <transition g="582,542;590,107:-45,204" name="reject" to="月度考核填报"/>
      <transition g="1,-8" name="pass" to="市公司分管领导审核"/>
   </task>
   <task g="280,644,152,52" name="市公司分管领导审核" candidate-groups="市移动分管领导" form="/assess/assessMonthAppraiseApproveAction!input.action?id=[piId];taskId=[taskId];step=2">
      <transition g="613,668;619,96:-48,268" name="reject" to="月度考核填报"/>
      <transition g="12,-4" name="pass" to="代维确认考核结果"/>
   </task>
   
   <task name="代维确认考核结果" g="282,756,150,52" candidate-groups="代维中心负责人" form="/assess/assessMonthAppraiseConfirmAction!input.action?id=[piId];taskId=[taskId];step=2">     
   <transition name="pass" to="end1" g="-1,-5"/>
   
   <transition name="reject" to="end2" g="0,-12"/>
   </task>

  <end g="336,948,48,48" name="end1"/>
  <end g="344,504,48,48" name="end2"/>
</process>