<?xml version="1.0" encoding="UTF-8"?>

<process name="powersupply" xmlns="http://jbpm.org/4.4/jpdl">
   <start name="start1" g="76,68,48,48">
      <transition name="pass" to="派发" g="6,-9"/>
   </start>
   <task name="派发" g="52,155,92,52">
      <assignment-handler class="com.cabletech.business.flowservice.util.UserGrant">
		<field name="grantType">
		<string value="handcraft"/>
		</field>
		<field name="founder">
		<string value="founder"/>
		</field>
	  </assignment-handler>
      <transition name="pass" to="调度" g="-54,-13"/>
   </task>
   <task name="调度" g="379,153,92,52" form="/workflow/oeScheduleTaskAction!input.action?id=[piId];taskId=[taskId];step=2">
      <assignment-handler class="com.cabletech.business.flowservice.util.UserGrant"> 
      		<field name="grantType"> 
      			<string value="handcraft"/>
       		</field> 
      </assignment-handler>
      <transition name="pass" to="回复" g="4,-9"/>
   </task>
   <task name="回复" g="379,253,92,52" form="/workflow/oeReplyTaskAction!input.action?id=[piId];taskId=[taskId];step=3">
      <assignment-handler class="com.cabletech.business.flowservice.util.UserGrant"> 
      		<field name="grantType"> 
      			<string value="handcraft"/>
       		</field> 
      </assignment-handler>
      <transition name="pass" to="审核" g="97,277:112,4"/>
   </task>
   <task name="审核" g="49,333,92,52" form="/workflow/oeReplyApproveTaskAction!input.action?id=[piId];taskId=[taskId];step=4">
      <assignment-handler class="com.cabletech.business.flowservice.util.UserGrant"> 
      		<field name="grantType"> 
      			<string value="handcraft"/>
       		</field> 
      </assignment-handler>
      <transition name="pass" to="end1" g="-26,-8"/>
      <transition name="reject" to="回复" g="424,361:-216,-13"/>
   </task>
   <end name="end1" g="69,439,48,48"/>
</process>