<?xml version="1.0" encoding="UTF-8"?>

<process name="fault" xmlns="http://jbpm.org/4.4/jpdl">
   <start g="50,40,48,48" name="开始">
      <transition g="-11,-14" name="pass" to="填写故障单"/>
   </start>
   <task name="填写故障单" g="189,38,92,52">
      <assignment-handler class="com.cabletech.business.flowservice.util.UserGrant"> 
      		<field name="grantType"> 
      			<string value="handcraft"/>
       		</field> 
       	    <field name="founder"> 
      			<string value="founder"/>
       		</field>
      </assignment-handler> 
	  <transition name="pass" to="填写故障回单" g="-72,-10"/>
   </task>
   <task g="193,150,92,52" name="填写故障回单" form="/workflow/faultReplyAction!input.action?parameter.id=[piId];faultReply.workflowTaskId=[taskId];step=2">
	  <assignment-handler class="com.cabletech.business.flowservice.util.UserGrant"> 
      		<field name="grantType"> 
      			<string value="handcraft"/>
       		</field> 
      </assignment-handler> 
      <transition g="-40,-14" name="pass"  to="审核故障回单"/>
   </task>
   <task g="197,275,92,52" name="审核故障回单" form="/workflow/faultAuditAction!input.action?parameter.id=[piId];faultAudit.workflowTaskId=[taskId];step=3">
      <assignment-handler class="com.cabletech.business.flowservice.util.UserGrant"> 
      		<field name="grantType"> 
      			<string value="handcraft"/>
       		</field> 
      </assignment-handler> 
      <transition g="3,-10" name="pass" to="end1"/>
      <transition g="366,302;366,172:14,-6" name="reject" to="填写故障回单"/>
   </task>
   <end g="225,393,48,48" name="end1"/>
  
</process>