<?xml version="1.0" encoding="UTF-8"?>

<process name="SparepartApply" xmlns="http://jbpm.org/4.4/jpdl">
   <start name="start1" g="708,5,48,48">
      <transition name="pass" to="填写备件申请单" g="-119,-17"/>
   </start>

   <task name="填写备件申请单" g="541,87,134,52">
	  <assignment-handler class="com.cabletech.business.flowservice.util.UserGrant"> 
      	<field name="grantType"> 
      		<string value="handcraft"/>
       	</field> 
       	<field name="founder"> 
      		<string value="founder"/>
        </field>
      </assignment-handler> 
      <transition name="pass" to="备件申请维护主管审核" g="2,1"/>
   </task>

   <task name="备件申请维护主管审核" g="395,173,144,52">
       <assignment-handler class="com.cabletech.business.flowservice.util.UserGrant"> 
      		<field name="grantType"> 
      			<string value="handcraft"/>
       		</field> 
      	</assignment-handler> 
      <transition name="pass" to="备件申请综维管理员审核" g="19,0"/>
      <transition name="reject" to="填写备件申请单" g="464,106:-25,6"/>
   </task>

   <task name="备件申请综维管理员审核" g="280,251,135,52">
       <assignment-handler class="com.cabletech.business.flowservice.util.UserGrant"> 
      		<field name="grantType"> 
      			<string value="handcraft"/>
       		</field> 
      	</assignment-handler> 
      <transition name="pass" to="备件申请综维领导审核" g="17,-3"/>
      <transition name="reject" to="填写备件申请单" g="610,275:-69,-17"/>
   </task>

   <task name="备件申请综维领导审核" g="160,328,137,52">
       <assignment-handler class="com.cabletech.business.flowservice.util.UserGrant"> 
      		<field name="grantType"> 
      			<string value="handcraft"/>
       		</field> 
      	</assignment-handler> 
      <transition name="pass" to="备件申请综确认发货" g="-45,-17"/>
      <transition name="reject" to="填写备件申请单" g="235,81:-21,72"/>
   </task>

   <task name="备件申请综确认发货" g="33,411,131,52">
      <assignment-handler class="com.cabletech.business.flowservice.util.UserGrant"> 
      		<field name="grantType"> 
      			<string value="handcraft"/>
       		</field> 
      </assignment-handler> 
      <transition name="pass" to="end1" g="18,-10"/>
      <transition name="reject" to="填写备件申请单" g="632,432:-57,-14"/>
   </task>

   <end name="end1" g="70,502,48,48"/>
</process>